date,stock_code,broker_name,broker_id,buy_vol,sell_vol,net_vol,pct,rank,side
10/01,2454,永豐金-匯立,0039004100380031,195,52,143,3.29,1,buy
10/01,2454,美商高盛,1480,170,762,-592,13.61,1,sell
10/01,2454,元大-土城永寧,9875,104,3,101,2.32,2,buy
10/01,2454,新加坡商瑞銀,1650,74,432,-358,8.23,2,sell
10/01,2454,永豐金證券,0039004100300030,97,13,84,1.93,3,buy
10/01,2454,元大證券,9800,262,332,-70,1.61,3,sell
10/01,2454,凱基-台北,9268,184,105,79,1.82,4,buy
10/01,2454,凱基-中山,9229,50,90,-40,0.92,4,sell
10/01,2454,凱基,9200,88,16,72,1.66,5,buy
10/01,2454,港商麥格理,1360,16,52,-36,0.83,5,sell
10/01,2454,富邦證券,9600,123,64,59,1.36,6,buy
10/01,2454,台新-城東,0039004200320072,5,28,-23,0.53,6,sell
10/01,2454,國泰證券,8880,80,40,40,0.92,7,buy
10/01,2454,永豐金-信義,0039004100390052,0,22,-22,0.51,7,sell
10/01,2454,台灣摩根士丹利,1470,206,171,35,0.8,8,buy
10/01,2454,華南永昌-小港,9323,0,22,-22,0.51,8,sell
10/01,2454,花旗環球,1590,119,92,27,0.62,9,buy
10/01,2454,永豐金-忠孝,0039004100390044,6,27,-21,0.48,9,sell
10/01,2454,統一,5850,38,11,27,0.62,10,buy
10/01,2454,港商野村,1560,20,40,-20,0.46,10,sell
10/01,2454,國泰-敦南,8888,82,56,26,0.6,11,buy
10/01,2454,群益金鼎-松山,9103,0,19,-19,0.44,11,sell
10/01,2454,永豐金-台南,0039004100390068,24,0,24,0.55,12,buy
10/01,2454,新光,8560,33,51,-18,0.41,12,sell
10/01,2454,富邦-新竹,9647,20,4,16,0.37,13,buy
10/01,2454,元大-蘆洲,9857,5,22,-17,0.39,13,sell
10/01,2454,中國信託-新竹,6165,16,1,15,0.34,14,buy
10/01,2454,美林,1440,108,123,-15,0.34,14,sell
10/01,2454,統一-敦南,5852,16,2,14,0.32,15,buy
10/01,2454,華南永昌-南京,9326,6,18,-12,0.28,15,sell
10/01,2308,元大-土城永寧,9875,677,8,669,10.93,1,buy
10/01,2308,美商高盛,1480,174,671,-497,8.12,1,sell
10/01,2308,花旗環球,1590,340,34,306,5.0,2,buy
10/01,2308,台灣摩根士丹利,1470,257,579,-322,5.26,2,sell
10/01,2308,群益金鼎,9100,343,80,263,4.3,3,buy
10/01,2308,新加坡商瑞銀,1650,131,448,-317,5.18,3,sell
10/01,2308,永豐金證券,0039004100300030,111,21,90,1.47,4,buy
10/01,2308,富邦證券,9600,70,348,-278,4.54,4,sell
10/01,2308,凱基-站前,0039003200300046,87,3,84,1.37,5,buy
10/01,2308,摩根大通,8440,165,432,-267,4.36,5,sell
10/01,2308,美林,1440,136,65,71,1.16,6,buy
10/01,2308,元大證券,9800,363,564,-201,3.28,6,sell
10/01,2308,永豐金-匯立,0039004100380031,105,45,60,0.98,7,buy
10/01,2308,兆豐-鹿港,0037003000300066,2,84,-82,1.34,7,sell
10/01,2308,第一金-中山,5389,62,2,60,0.98,8,buy
10/01,2308,國票-南崁,0037003700390045,11,69,-58,0.95,8,sell
10/01,2308,凱基-台北,9268,265,214,51,0.83,9,buy
10/01,2308,港商野村,1560,9,60,-51,0.83,9,sell
10/01,2308,凱基,9200,105,63,42,0.69,10,buy
10/01,2308,港商麥格理,1360,88,116,-28,0.46,10,sell
10/01,2308,中國信託,6160,44,9,35,0.57,11,buy
10/01,2308,華南永昌-南京,9326,6,33,-27,0.44,11,sell
10/01,2308,香港上海匯豐,8960,22,1,21,0.34,12,buy
10/01,2308,元大-仁愛,003900380033006a,2,22,-20,0.33,12,sell
10/01,2308,元大-虎尾,003900380030006c,20,3,17,0.28,13,buy
10/01,2308,元大-士林,003900380031006a,2,21,-19,0.31,13,sell
10/01,2308,國泰-敦南,8888,139,122,17,0.28,14,buy
10/01,2308,統一-士林,003500380035004d,3,20,-17,0.28,14,sell
10/01,2308,台新-大裕,003900420032006c,18,1,17,0.28,15,buy
10/01,2308,富邦-仁愛,9676,25,41,-16,0.26,15,sell
10/01,2603,永豐金證券,0039004100300030,896,10,886,14.88,1,buy
10/01,2603,富邦證券,9600,0,807,-807,13.55,1,sell
10/01,2603,元大-復北,9872,700,1,699,11.74,2,buy
10/01,2603,新加坡商瑞銀,1650,45,731,-686,11.52,2,sell
10/01,2603,元大證券,9800,877,554,323,5.42,3,buy
10/01,2603,美林,1440,91,466,-375,6.3,3,sell
10/01,2603,國票-敦北法人,0037003700390063,250,0,250,4.2,4,buy
10/01,2603,台灣摩根士丹利,1470,348,617,-269,4.52,4,sell
10/01,2603,國票-和平,003700370039006a,170,1,169,2.84,5,buy
10/01,2603,台新,0039004200300030,19,226,-207,3.48,5,sell
10/01,2603,元大-內湖民權,9867,61,0,61,1.02,6,buy
10/01,2603,摩根大通,8440,57,234,-177,2.97,6,sell
10/01,2603,香港上海匯豐,8960,59,0,59,0.99,7,buy
10/01,2603,凱基-台北,9268,118,200,-82,1.38,7,sell
10/01,2603,元大-新莊,9898,56,0,56,0.94,8,buy
10/01,2603,元大-發財,0039003800310045,0,66,-66,1.11,8,sell
10/01,2603,元大-大雅,0039003800330069,48,0,48,0.81,9,buy
10/01,2603,元大-土城學府,9822,5,56,-51,0.86,9,sell
10/01,2603,中國信託,6160,36,3,33,0.55,10,buy
10/01,2603,富邦-新莊,0039003600320044,4,55,-51,0.86,10,sell
10/01,2603,國泰-館前,0038003800380041,51,19,32,0.54,11,buy
10/01,2603,元大-新生,0039003800310058,2,43,-41,0.69,11,sell
10/01,2603,國泰-敦南,8888,78,52,26,0.44,12,buy
10/01,2603,玉山證券,8840,2,41,-39,0.65,12,sell
10/01,2603,元大-左營,0039003800390044,24,1,23,0.39,13,buy
10/01,2603,元大-南京,9862,0,36,-36,0.6,13,sell
10/01,2603,台新-緯城,0039004200320041,26,5,21,0.35,14,buy
10/01,2603,永豐金-匯立,0039004100380031,0,27,-27,0.45,14,sell
10/01,2603,法銀巴黎,8900,21,0,21,0.35,15,buy
10/01,2603,統一-新竹,5857,3,28,-25,0.42,15,sell
10/01,2609,元大證券,9800,1251,817,434,3.48,1,buy
10/01,2609,美林,1440,60,688,-628,5.04,1,sell
10/01,2609,摩根大通,8440,2355,1936,419,3.36,2,buy
10/01,2609,港商野村,1560,0,473,-473,3.79,2,sell
10/01,2609,新加坡商瑞銀,1650,1716,1302,414,3.32,3,buy
10/01,2609,美商高盛,1480,680,1025,-345,2.77,3,sell
10/01,2609,凱基-台北,9268,823,560,263,2.11,4,buy
10/01,2609,台灣摩根士丹利,1470,1531,1651,-120,0.96,4,sell
10/01,2609,富邦-三重,9677,63,8,55,0.44,5,buy
10/01,2609,花旗環球,1590,29,147,-118,0.95,5,sell
10/01,2609,土銀-台南,1032,54,0,54,0.43,6,buy
10/01,2609,凱基-基隆,0039003200300048,16,100,-84,0.67,6,sell
10/01,2609,統一-東湖,0035003800350052,54,1,53,0.43,7,buy
10/01,2609,台新-左楠,0039004200310064,31,97,-66,0.53,7,sell
10/01,2609,台新-三重,0039004200320033,50,3,47,0.38,8,buy
10/01,2609,元大-民生三民,0039003800390058,4,62,-58,0.47,8,sell
10/01,2609,玉山-嘉義,8848,54,13,41,0.33,9,buy
10/01,2609,法銀巴黎,8900,1,58,-57,0.46,9,sell
10/01,2609,元大-南京,9862,40,3,37,0.3,10,buy
10/01,2609,富邦-花蓮,9621,7,52,-45,0.36,10,sell
10/01,2609,國泰-高雄,8881,40,6,34,0.27,11,buy
10/01,2609,華南永昌-林口,9317,1,45,-44,0.35,11,sell
10/01,2609,富邦-竹東,9625,36,5,31,0.25,12,buy
10/01,2609,美好-苗栗,5265,1,43,-42,0.34,12,sell
10/01,2609,台中銀,6110,31,0,31,0.25,13,buy
10/01,2609,國泰-桃園,8885,51,92,-41,0.33,13,sell
10/01,2609,新光,8560,39,11,28,0.22,14,buy
10/01,2609,華南永昌-高雄,9303,19,55,-36,0.29,14,sell
10/01,2609,元大-沙鹿,0039003800300064,29,1,28,0.22,15,buy
10/01,2609,中國信託-新竹,6165,2,35,-33,0.26,15,sell
10/01,2615,摩根大通,8440,655,81,574,13.63,1,buy
10/01,2615,元大證券,9800,173,481,-308,7.32,1,sell
10/01,2615,凱基-台北,9268,490,291,199,4.73,2,buy
10/01,2615,凱基-台南,9211,2,304,-302,7.17,2,sell
10/01,2615,富邦證券,9600,189,3,186,4.42,3,buy
10/01,2615,台灣摩根士丹利,1470,122,314,-192,4.56,3,sell
10/01,2615,美林,1440,135,27,108,2.57,4,buy
10/01,2615,美商高盛,1480,181,370,-189,4.49,4,sell
10/01,2615,元大-文心興安,9854,40,0,40,0.95,5,buy
10/01,2615,新加坡商瑞銀,1650,4,175,-171,4.06,5,sell
10/01,2615,永豐金-新莊,0039004100390048,40,0,40,0.95,6,buy
10/01,2615,群益金鼎,9100,9,92,-83,1.97,6,sell
10/01,2615,群益金鼎-彰化,9187,29,0,29,0.69,7,buy
10/01,2615,中國信託-高雄,003600310036004b,5,70,-65,1.54,7,sell
10/01,2615,法銀巴黎,8900,40,12,28,0.67,8,buy
10/01,2615,中國信託-新竹,6165,1,32,-31,0.74,8,sell
10/01,2615,台新-成功,003900420032006d,26,0,26,0.62,9,buy
10/01,2615,中國信託,6160,2,32,-30,0.71,9,sell
10/01,2615,元大-楊梅,0039003800370041,26,2,24,0.57,10,buy
10/01,2615,宏遠證券,1260,0,25,-25,0.59,10,sell
10/01,2615,永豐金-中正,0039004100390055,27,3,24,0.57,11,buy
10/01,2615,台新-基隆,0039004200320053,14,38,-24,0.57,11,sell
10/01,2615,永豐金-板盛,0039004100390059,26,4,22,0.52,12,buy
10/01,2615,新光-新竹,8563,1,22,-21,0.5,12,sell
10/01,2615,新光,8560,43,22,21,0.5,13,buy
10/01,2615,元大-福營,0039003800310046,2,21,-19,0.45,13,sell
10/01,2615,群益金鼎-東湖,003900310038004b,20,0,20,0.48,14,buy
10/01,2615,永豐金-台中,003900410039004c,2,20,-18,0.43,14,sell
10/01,2615,元大-館前,003900380034004b,20,0,20,0.48,15,buy
10/01,2615,台中銀,6110,0,17,-17,0.4,15,sell
10/01,2618,永豐金證券,0039004100300030,1419,130,1289,7.33,1,buy
10/01,2618,富邦證券,9600,1095,4653,-3558,20.24,1,sell
10/01,2618,凱基,9200,670,0,670,3.81,2,buy
10/01,2618,摩根大通,8440,403,3713,-3310,18.83,2,sell
10/01,2618,中國信託,6160,788,130,658,3.74,3,buy
10/01,2618,美商高盛,1480,289,1765,-1476,8.4,3,sell
10/01,2618,台灣摩根士丹利,1470,1658,1017,641,3.65,4,buy
10/01,2618,凱基-台北,9268,507,681,-174,0.99,4,sell
10/01,2618,康和,8450,600,0,600,3.41,5,buy
10/01,2618,兆豐-大同,0037003000300053,0,100,-100,0.57,5,sell
10/01,2618,永豐金-匯立,0039004100380031,385,0,385,2.19,6,buy
10/01,2618,群益金鼎-士林,9137,0,100,-100,0.57,6,sell
10/01,2618,新加坡商瑞銀,1650,2465,2081,384,2.18,7,buy
10/01,2618,法銀巴黎,8900,28,119,-91,0.52,7,sell
10/01,2618,美林,1440,452,89,363,2.07,8,buy
10/01,2618,花旗環球,1590,66,152,-86,0.49,8,sell
10/01,2618,國泰-忠孝,8887,224,20,204,1.16,9,buy
10/01,2618,香港上海匯豐,8960,0,73,-73,0.42,9,sell
10/01,2618,臺銀,1040,184,6,178,1.01,10,buy
10/01,2618,中國信託-忠孝,6162,3,25,-22,0.13,10,sell
10/01,2618,國泰-松江,8883,172,1,171,0.97,11,buy
10/01,2618,合庫-基隆,1025,0,20,-20,0.11,11,sell
10/01,2618,國泰-台南,8884,160,2,158,0.9,12,buy
10/01,2618,元大-上新莊,0039003800330047,0,20,-20,0.11,12,sell
10/01,2618,國泰-敦南,8888,218,81,137,0.78,13,buy
10/01,2618,群益金鼎,9100,19,39,-20,0.11,13,sell
10/01,2618,宏遠證券,1260,93,0,93,0.53,14,buy
10/01,2618,元大-竹山,0039003800310052,4,20,-16,0.09,14,sell
10/01,2618,(牛牛牛)亞-鑫豐,0036003000310064,99,8,91,0.52,15,buy
10/01,2618,凱基-長庚,9233,2,15,-13,0.07,15,sell
10/01,2345,花旗環球,1590,590,3,587,10.0,1,buy
10/01,2345,美商高盛,1480,300,521,-221,3.76,1,sell
10/01,2345,美林,1440,326,73,253,4.31,2,buy
10/01,2345,統一,5850,100,290,-190,3.24,2,sell
10/01,2345,群益金鼎,9100,367,170,197,3.35,3,buy
10/01,2345,凱基-站前,0039003200300046,31,169,-138,2.35,3,sell
10/01,2345,凱基-信義,9216,175,0,175,2.98,4,buy
10/01,2345,永豐金證券,0039004100300030,73,169,-96,1.63,4,sell
10/01,2345,富邦證券,9600,153,44,109,1.86,5,buy
10/01,2345,凱基-台北,9268,190,272,-82,1.4,5,sell
10/01,2345,摩根大通,8440,215,158,57,0.97,6,buy
10/01,2345,兆豐證券,7000,18,70,-52,0.89,6,sell
10/01,2345,永豐金-復興,003900410039005a,50,0,50,0.85,7,buy
10/01,2345,國泰證券,8880,9,60,-51,0.87,7,sell
10/01,2345,凱基,9200,142,101,41,0.7,8,buy
10/01,2345,新加坡商瑞銀,1650,256,303,-47,0.8,8,sell
10/01,2345,港商麥格理,1360,34,0,34,0.58,9,buy
10/01,2345,港商野村,1560,54,100,-46,0.78,9,sell
10/01,2345,台新,0039004200300030,50,20,30,0.51,10,buy
10/01,2345,國泰-敦南,8888,69,114,-45,0.77,10,sell
10/01,2345,國泰-桃園,8885,32,6,26,0.44,11,buy
10/01,2345,台灣摩根士丹利,1470,321,354,-33,0.56,11,sell
10/01,2345,新光-新竹,8563,35,12,23,0.39,12,buy
10/01,2345,新光,8560,33,59,-26,0.44,12,sell
10/01,2345,國票-安和,003700370039005a,20,1,19,0.32,13,buy
10/01,2345,元大-彰化,0039003800310047,2,26,-24,0.41,13,sell
10/01,2345,玉山證券,8840,26,9,17,0.29,14,buy
10/01,2345,國泰-台中,8882,12,35,-23,0.39,14,sell
10/01,2345,第一金,5380,15,0,15,0.26,15,buy
10/01,2345,玉山-新竹,0038003800340048,2,23,-21,0.36,15,sell
10/01,3006,台灣企銀-豐原,1118,211,0,211,3.05,1,buy
10/01,3006,美商高盛,1480,281,1262,-981,14.19,1,sell
10/01,3006,港商野村,1560,129,0,129,1.87,2,buy
10/01,3006,新加坡商瑞銀,1650,201,816,-615,8.9,2,sell
10/01,3006,元大-頭份,0039003800330055,147,44,103,1.49,3,buy
10/01,3006,摩根大通,8440,64,377,-313,4.53,3,sell
10/01,3006,陽信,8710,101,1,100,1.45,4,buy
10/01,3006,台灣摩根士丹利,1470,2,190,-188,2.72,4,sell
10/01,3006,國泰-敦南,8888,141,80,61,0.88,5,buy
10/01,3006,凱基-台北,9268,224,378,-154,2.23,5,sell
10/01,3006,元大-土城,9897,95,35,60,0.87,6,buy
10/01,3006,元大證券,9800,503,633,-130,1.88,6,sell
10/01,3006,新百王,6210,69,20,49,0.71,7,buy
10/01,3006,永豐金-竹北,0039004100390050,14,119,-105,1.52,7,sell
10/01,3006,群益金鼎,9100,102,60,42,0.61,8,buy
10/01,3006,永豐金-匯立,0039004100380031,0,101,-101,1.46,8,sell
10/01,3006,凱基-東港,9212,41,0,41,0.59,9,buy
10/01,3006,花旗環球,1590,7,63,-56,0.81,9,sell
10/01,3006,凱基-南崁,9256,43,2,41,0.59,10,buy
10/01,3006,國泰證券,8880,3,56,-53,0.77,10,sell
10/01,3006,永豐金-天母,0039004100390047,45,7,38,0.55,11,buy
10/01,3006,富邦-彰化,0039003600350055,1,50,-49,0.71,11,sell
10/01,3006,富邦-竹科,0039003600320043,38,1,37,0.54,12,buy
10/01,3006,富邦-台北,9623,81,116,-35,0.51,12,sell
10/01,3006,兆豐-新莊,0037003000300077,36,2,34,0.49,13,buy
10/01,3006,華南永昌-台南,9306,2,31,-29,0.42,13,sell
10/01,3006,永豐金證券,0039004100300030,50,17,33,0.48,14,buy
10/01,3006,國泰-忠孝,8887,1,30,-29,0.42,14,sell
10/01,3006,永豐金-亞灣,0039004100390061,35,4,31,0.45,15,buy
10/01,3006,永豐金-新竹,0039004100390037,8,32,-24,0.35,15,sell
10/01,2379,群益金鼎,9100,482,13,469,14.89,1,buy
10/01,2379,元大證券,9800,173,532,-359,11.4,1,sell
10/01,2379,香港上海匯豐,8960,393,92,301,9.56,2,buy
10/01,2379,中國信託,6160,4,277,-273,8.67,2,sell
10/01,2379,台灣摩根士丹利,1470,333,56,277,8.79,3,buy
10/01,2379,國泰證券,8880,1,202,-201,6.38,3,sell
10/01,2379,兆豐證券,7000,182,10,172,5.46,4,buy
10/01,2379,宏遠證券,1260,2,149,-147,4.67,4,sell
10/01,2379,港商野村,1560,132,11,121,3.84,5,buy
10/01,2379,國票-敦北法人,0037003700390063,0,135,-135,4.29,5,sell
10/01,2379,凱基-台北,9268,189,87,102,3.24,6,buy
10/01,2379,大和國泰,8890,0,131,-131,4.16,6,sell
10/01,2379,美林,1440,40,10,30,0.95,7,buy
10/01,2379,花旗環球,1590,15,131,-116,3.68,7,sell
10/01,2379,永豐金-匯立,0039004100380031,28,2,26,0.83,8,buy
10/01,2379,新加坡商瑞銀,1650,41,135,-94,2.98,8,sell
10/01,2379,永全-南崁,6451,22,0,22,0.7,9,buy
10/01,2379,華南永昌-中正,9359,0,52,-52,1.65,9,sell
10/01,2379,美商高盛,1480,280,262,18,0.57,10,buy
10/01,2379,永豐金證券,0039004100300030,131,173,-42,1.33,10,sell
10/01,2379,聯邦-忠孝,8583,10,0,10,0.32,11,buy
10/01,2379,摩根大通,8440,201,233,-32,1.02,11,sell
10/01,2379,富邦-左營,0039003600360046,10,0,10,0.32,12,buy
10/01,2379,華南永昌,9300,0,19,-19,0.6,12,sell
10/01,2379,玉山-士林,0038003800340041,8,1,7,0.22,13,buy
10/01,2379,國票-彰化,0037003700390057,0,10,-10,0.32,13,sell
10/01,2379,元大-左營,0039003800390044,5,0,5,0.16,14,buy
10/01,2379,富邦證券,9600,6,15,-9,0.29,14,sell
10/01,2379,兆豐-大安,003700300030006a,5,0,5,0.16,15,buy
10/01,2379,凱基-岡山,9209,0,5,-5,0.16,15,sell
10/01,3034,美商高盛,1480,744,247,497,20.27,1,buy
10/01,3034,永豐金證券,0039004100300030,105,527,-422,17.21,1,sell
10/01,3034,摩根大通,8440,160,90,70,2.85,2,buy
10/01,3034,台灣摩根士丹利,1470,77,200,-123,5.02,2,sell
10/01,3034,凱基,9200,46,4,42,1.71,3,buy
10/01,3034,大和國泰,8890,0,88,-88,3.59,3,sell
10/01,3034,法銀巴黎,8900,40,4,36,1.47,4,buy
10/01,3034,中國信託,6160,2,55,-53,2.16,4,sell
10/01,3034,新加坡商瑞銀,1650,374,350,24,0.98,5,buy
10/01,3034,元大證券,9800,183,234,-51,2.08,5,sell
10/01,3034,台新-林園,0039004200320037,20,1,19,0.77,6,buy
10/01,3034,凱基-台北,9268,52,97,-45,1.84,6,sell
10/01,3034,合庫-台中,1021,17,1,16,0.65,7,buy
10/01,3034,富邦-內湖,9627,0,25,-25,1.02,7,sell
10/01,3034,第一金-新竹,0035003300380042,16,0,16,0.65,8,buy
10/01,3034,富邦-永康,003900360031005a,0,15,-15,0.61,8,sell
10/01,3034,富邦證券,9600,20,4,16,0.65,9,buy
10/01,3034,美林,1440,36,49,-13,0.53,9,sell
10/01,3034,凱基-內埔,9225,13,0,13,0.53,10,buy
10/01,3034,台新-九如,0039004200320031,1,13,-12,0.49,10,sell
10/01,3034,永豐金-匯立,0039004100380031,13,2,11,0.45,11,buy
10/01,3034,中國信託-新竹,6165,0,11,-11,0.45,11,sell
10/01,3034,花旗環球,1590,33,23,10,0.41,12,buy
10/01,3034,台新-松德,0039004200320061,0,11,-11,0.45,12,sell
10/01,3034,新光,8560,10,5,5,0.2,13,buy
10/01,3034,統一-南京,0035003800350055,2,13,-11,0.45,13,sell
10/01,3034,國泰證券,8880,8,3,5,0.2,14,buy
10/01,3034,國票-敦北法人,0037003700390063,0,10,-10,0.41,14,sell
10/01,3034,富邦-仁愛,9676,5,0,5,0.2,15,buy
10/01,3034,永豐金-市政,0039004100390057,0,8,-8,0.33,15,sell
10/01,2412,台灣摩根士丹利,1470,1255,198,1057,12.25,1,buy
10/01,2412,臺銀,1040,2,787,-785,9.1,1,sell
10/01,2412,美林,1440,1015,78,937,10.86,2,buy
10/01,2412,摩根大通,8440,656,1369,-713,8.26,2,sell
10/01,2412,美商高盛,1480,1469,563,906,10.5,3,buy
10/01,2412,元大證券,9800,70,471,-401,4.65,3,sell
10/01,2412,新加坡商瑞銀,1650,642,28,614,7.12,4,buy
10/01,2412,新光-高雄,8562,1,241,-240,2.78,4,sell
10/01,2412,花旗環球,1590,329,29,300,3.48,5,buy
10/01,2412,統一-內湖,0035003800350062,0,176,-176,2.04,5,sell
10/01,2412,永豐金證券,0039004100300030,251,24,227,2.63,6,buy
10/01,2412,富邦-新店,9661,0,113,-113,1.31,6,sell
10/01,2412,永豐金-匯立,0039004100380031,327,107,220,2.55,7,buy
10/01,2412,群益金鼎-東大,9135,253,355,-102,1.18,7,sell
10/01,2412,凱基,9200,202,0,202,2.34,8,buy
10/01,2412,統一-台南,5855,0,101,-101,1.17,8,sell
10/01,2412,富邦證券,9600,152,2,150,1.74,9,buy
10/01,2412,國泰-敦南,8888,1,80,-79,0.92,9,sell
10/01,2412,中國信託,6160,127,0,127,1.47,10,buy
10/01,2412,新光-台中,8561,0,56,-56,0.65,10,sell
10/01,2412,群益金鼎-松山,9103,28,0,28,0.32,11,buy
10/01,2412,元大-屏東,9892,0,54,-54,0.63,11,sell
10/01,2412,港商野村,1560,18,0,18,0.21,12,buy
10/01,2412,富邦-仁愛,9676,0,41,-41,0.48,12,sell
10/01,2412,香港上海匯豐,8960,18,0,18,0.21,13,buy
10/01,2412,中國信託-忠孝,6162,0,40,-40,0.46,13,sell
10/01,2412,元大-士林,003900380031006a,10,0,10,0.12,14,buy
10/01,2412,京城-嘉義,8492,0,35,-35,0.41,14,sell
10/01,2412,宏遠-中和,0031003200360048,7,0,7,0.08,15,buy
10/01,2412,臺銀-金山,0031003000340044,1,35,-34,0.39,15,sell
